{"dev-hub": {"description": "This development tool lets you create, design, and package Python OS apps.", "author": "Adam Furman", "pman": {"depends": ["files", "editor", "file-reader"], "min_os": 1.0}, "title": "Dev Hub", "name": "dev-hub", "version": 1.0, "remotePath": "https://raw.githubusercontent.com/furmada/PythonOSApps/gh-pages//apps/dev-hub/", "more": {"colorScheme": "dark", "file": [".zip"], "onStart": "onStart", "icon": "dev-hub.png"}}, "state-shell": {"name": "state-shell", "author": "Adam Furman", "description": "A debugging app. Allows access to the state variable.", "title": "State Shell", "module": "state-shell", "version": 1.0, "remotePath": "https://raw.githubusercontent.com/furmada/PythonOSApps/gh-pages//apps/state-shell/", "main": "run", "more": {"colorScheme": "dark", "onStart": "onStart", "icon": "state-shell.png"}}, "calculator": {"name": "calculator", "author": "Adam Furman", "description": "A fully functional, multi-functional calculator.\n Performs basic operations\n Stores last answer\n Performs any root\n Supports long expressions using parentheses.", "title": "Calculator", "module": "calculator", "version": 1.0, "remotePath": "https://raw.githubusercontent.com/furmada/PythonOSApps/gh-pages//apps/calculator/", "main": "run", "more": {"colorScheme": "dark", "onStart": "onStart", "icon": "calculator.png"}}, "sleep": {"name": "sleep", "author": "Adam Furman", "description": "Provides a way to sleep the screen. Only works on an actual device.", "title": "Sleep", "module": "sleep", "version": 1.0, "remotePath": "https://raw.githubusercontent.com/furmada/PythonOSApps/gh-pages//apps/sleep/", "main": "run", "more": {"colorScheme": "light", "onStart": "onStart", "icon": "apps/sleep/sleep.png"}}, "shutdown": {"name": "shutdown", "author": "Adam Furman", "description": "Shut Down your Python OS device. Works on linux.", "title": "Shut Down", "module": "shutdown", "version": 1.0, "remotePath": "https://raw.githubusercontent.com/furmada/PythonOSApps/gh-pages//apps/shutdown/", "main": "run", "more": {"onResume": "sdAsk", "colorScheme": "light", "onStart": "sdAsk", "icon": "apps/shutdown/shutdown.png"}}, "home": {"name": "home", "author": "Adam Furman", "description": "The Python OS homescreen. Contains a link to State Shell.", "title": "Home", "module": "home", "version": 1.1, "remotePath": "https://raw.githubusercontent.com/furmada/PythonOSApps/gh-pages//apps/home/", "main": "run", "more": {"onPause": "onUnload", "onStop": "onUnload", "onStart": "onLoad", "icon": null}}, "todo": {"name": "todo", "author": "Adam Furman", "description": "Make a to-do list and check items off.", "title": "ToDo", "module": "todo", "version": 1.0, "remotePath": "https://raw.githubusercontent.com/furmada/PythonOSApps/gh-pages//apps/todo/", "main": "run", "more": {"colorScheme": "light", "onStart": "onStart", "icon": "apps/todo/icon.png"}}, "post10forum": {"name": "post10forum", "author": "Adam Furman", "description": "Post to and browse the 10 Post Forum. Designed by Adam Furman as a CS project. Old posts dissapear after 10 new ones.", "title": "10 Post", "module": "post10forum", "version": 1.1, "remotePath": "https://raw.githubusercontent.com/furmada/PythonOSApps/gh-pages//apps/post10forum/", "main": "run", "more": {"colorScheme": "light", "onStart": "onStart", "icon": "apps/post10forum/icon.png"}}, "quit": {"name": "quit", "author": "Adam Furman", "description": "Provides a simple way to quit Python OS.", "title": "Quit", "module": "quit", "version": 1.0, "remotePath": "https://raw.githubusercontent.com/furmada/PythonOSApps/gh-pages//apps/quit/", "main": "run", "more": {"persist": false, "colorScheme": "normal", "onStart": "onLoad", "icon": "quit"}}, "clock": {"name": "clock", "author": "Adam Furman", "description": "A simple clock app. Displays the time and date, including seconds. Tap the time to change 24hr to 12hr format.", "title": "Clock", "module": "clock", "version": 1.0, "remotePath": "https://raw.githubusercontent.com/furmada/PythonOSApps/gh-pages//apps/clock/", "main": "run", "more": {"onResume": "onResume", "colorScheme": "normal", "onStart": "onStart", "icon": "clock.png"}}, "pman": {"name": "pman", "author": "Adam Furman", "pman": {"depends": ["files"], "min_os": 1.0}, "description": "Explore, download, and update Python OS apps. The redesigned package manager features a new interface and powerful functionality.", "title": "PMan", "module": "pman", "version": 2.1, "remotePath": "https://raw.githubusercontent.com/furmada/PythonOSApps/gh-pages//apps/pman/", "more": {"colorScheme": "light", "file": [".zip"], "onStart": "onStart", "icon": "pman.png"}}, "music-player": {"name": "music-player", "author": "Adam Furman", "description": "Play music files. Add files to the playlist on the second page. Skip, play, pause and stop.", "title": "Music", "module": "music-player", "version": 1.0, "remotePath": "https://raw.githubusercontent.com/furmada/PythonOSApps/gh-pages//apps/music-player/", "main": "run", "more": {"colorScheme": "normal", "file": [".mp3", ".ogg", ".wav"], "onStart": "onStart", "icon": "music-player.png"}}, "immersion-test": {"name": "immersion-test", "author": "Adam Furman", "description": "Test the fullscreen (immersive) mode feature.", "title": "Immersion", "module": "immersion-test", "version": 1.0, "remotePath": "https://raw.githubusercontent.com/furmada/PythonOSApps/gh-pages//apps/immersion-test/", "main": "run", "more": {"immersive": "immerse", "colorScheme": "light", "onStart": "onStart", "icon": "apps/immersion-test/icon.png"}}, "task-manager": {"name": "task-manager", "author": "Adam Furman", "description": "Access and control running applications. Use caution, this can potentially cause data loss.", "title": "Tasks", "module": "task-manager", "version": 1.0, "remotePath": "https://raw.githubusercontent.com/furmada/PythonOSApps/gh-pages//apps/task-manager/", "more": {"onResume": "loadList", "colorScheme": "normal", "onStart": "onLoad", "icon": "task-manager.png"}}, "editor": {"name": "editor", "author": "Adam Furman", "description": "Creates and edits plain text format files.", "title": "Editor", "module": "editor", "version": 1.3, "remotePath": "https://raw.githubusercontent.com/furmada/PythonOSApps/gh-pages//apps/editor/", "more": {"colorScheme": "light", "onStart": "onStart", "onPause": "save", "onStop": "save", "file": [".txt", ".htm", ".html", ".py", ".pyw", ".json", ".md"], "icon": "icon.png"}}, "test": {"name": "test", "author": "Adam Furman", "description": "This app is used to test the package manager. It performs no function.", "title": "Test", "module": "test", "version": 1.0, "remotePath": "https://raw.githubusercontent.com/furmada/PythonOSApps/gh-pages//apps/test/", "main": "run", "more": {"colorScheme": "dark", "onStart": "onStart", "icon": "unknown.png"}}, "files": {"name": "files", "author": "Adam Furman", "description": "A powerful file manager. Move, copy, delete, rename, and open files and folders. Create a new folder by long pressing the background.", "title": "Files", "module": "files", "version": 1.3, "remotePath": "https://raw.githubusercontent.com/furmada/PythonOSApps/gh-pages//apps/files/", "main": "run", "more": {"onResume": "onResume", "colorScheme": "normal", "onStart": "onStart", "icon": "files.png"}}, "image-viewer": {"name": "image-viewer", "author": "Adam Furman", "description": "Opens and views image files. Automatically resizes and rotates them for best fit to the screen.", "title": "Pictures", "module": "image-viewer", "version": 1.0, "remotePath": "https://raw.githubusercontent.com/furmada/PythonOSApps/gh-pages//apps/image-viewer/", "main": "run", "more": {"colorScheme": "dark", "file": [".png", ".jpg", ".jpeg", ".bmp", ".gif", ".pcx", ".tga", ".tif"], "onStart": "onStart", "icon": "image-viewer.png"}}, "starforce": {"name": "starforce", "author": "Adam Furman", "description": "A simple, fun space shooter with fluid animations. Adaptive difficulty and easy gameplay.", "title": "StarForce", "module": "starforce", "version": 1.2, "remotePath": "https://raw.githubusercontent.com/furmada/PythonOSApps/gh-pages//apps/starforce/", "main": "run", "more": {"immersive": "main", "colorScheme": "normal", "onStart": "onStart", "icon": "apps/starforce/icon.png"}}, "dev-refresh": {"name": "dev-refresh", "author": "Adam Furman", "description": "A developer tool to run the refresh.sh script.", "title": "DevRefresh", "module": "dev-refresh", "version": 1.1, "remotePath": "https://raw.githubusercontent.com/furmada/PythonOSApps/gh-pages//apps/dev-refresh/", "main": "run", "more": {"onStart": "onStart", "icon": "apps/dev-refresh/icon.png"}}, "stopwatch": {"name": "stopwatch", "author": "Adam Furman", "description": "A fully-functional stopwatch. Stop, start, and count laps with 1/100sec precision.", "title": "Stopwatch", "module": "stopwatch", "version": 1.0, "remotePath": "https://raw.githubusercontent.com/furmada/PythonOSApps/gh-pages//apps/stopwatch/", "main": "run", "more": {"onResume": "onResume", "colorScheme": "dark", "onStart": "onStart", "icon": "stopwatch.png"}}, "file-reader": {"name": "file-reader", "author": "Adam Furman", "description": "Opens and reads plain text format files.", "title": "Reader", "module": "file-reader", "version": 1.1, "remotePath": "https://raw.githubusercontent.com/furmada/PythonOSApps/gh-pages//apps/file-reader/", "main": "run", "more": {"colorScheme": "light", "file": [".txt", ".htm", ".html", ".py", ".pyw", ".json", ".md"], "onStart": "onStart", "icon": "file-reader.png"}}, "gallery": {"name": "gallery", "author": "Adam Furman", "description": "Browse and open pictures by folder.", "title": "Gallery", "module": "gallery", "version": 1.2, "remotePath": "https://raw.githubusercontent.com/furmada/PythonOSApps/gh-pages//apps/gallery/", "main": "run", "more": {"colorScheme": "dark", "onStart": "onStart", "icon": "apps/gallery/icon.png"}}, "usb-mount": {"name": "usb-mount", "author": "Adam Furman", "description": "Allows the mounting/unmounting of USB devices. Scans the /dev/ folder. Mounts to docs/USBX.", "title": "USB Mount", "module": "usb-mount", "version": 1.0, "remotePath": "https://raw.githubusercontent.com/furmada/PythonOSApps/gh-pages//apps/usb-mount/", "main": "run", "more": {"colorScheme": "dark", "onStart": "onStart", "icon": "usb-mount.png"}}, "about": {"name": "about", "author": "Adam Furman", "description": "Provides information about Python OS 6.", "title": "About", "module": "about", "version": 1.3, "remotePath": "https://raw.githubusercontent.com/furmada/PythonOSApps/gh-pages//apps/about/", "main": "run", "more": {"colorScheme": "dark", "onStart": "onStart", "icon": "about.png"}}, "wolfram-alpha": {"name": "wolfram-alpha", "author": "Adam Furman", "description": "Search for information using Wolfram|Alpha. Enter any query, and get meaningful results. Tap each image to open larger view.", "title": "Alpha", "module": "wolfram-alpha", "version": 1.1, "remotePath": "https://raw.githubusercontent.com/furmada/PythonOSApps/gh-pages//apps/wolfram-alpha/", "main": "run", "more": {"colorScheme": "dark", "onStart": "onStart", "icon": "apps/wolfram-alpha/icon.png"}}, "launcher": {"name": "launcher", "author": "Adam Furman", "description": "The standard application launcher. Apps highlighted in blue are running. Long click to uninstall.", "title": "Launcher", "module": "launcher", "version": 1.1, "remotePath": "https://raw.githubusercontent.com/furmada/PythonOSApps/gh-pages//apps/launcher/", "main": "run", "more": {"persist": false, "colorScheme": "light", "onStart": "loadApps", "icon": null}}, "wifi": {"name": "wifi", "author": "Adam Furman", "description": "Connect to wireless networks. Requires a wireless USB device. Supports WEP and WPA2 encryption through python-wifi.", "title": "WiFi", "module": "wifi", "version": 1.3, "remotePath": "https://raw.githubusercontent.com/furmada/PythonOSApps/gh-pages//apps/wifi/", "main": "run", "more": {"onStart": "onStart", "icon": "wifi"}}, "timer": {"name": "timer", "author": "Adam Furman", "description": "A timer application. Set minutes and seconds. The timer continues even when the app is not active.", "title": "Timer", "module": "timer", "version": 1.1, "remotePath": "https://raw.githubusercontent.com/furmada/PythonOSApps/gh-pages//apps/timer/", "main": "run", "more": {"onResume": "onResume", "colorScheme": "normal", "onStart": "onStart", "onPause": "setNotification", "onStop": "setNotification", "icon": "timer.png"}}, "dev-appdb-tool": {"name": "dev-appdb-tool", "author": "Adam Furman", "description": "Manage a PyOS app repository.", "title": "Repo Tool", "module": "dev-appdb-tool", "version": 1.2, "remotePath": "https://raw.githubusercontent.com/furmada/PythonOSApps/gh-pages//apps/dev-appdb-tool/", "more": {"colorScheme": "dark", "onStart": "onStart", "icon": "apps/dev-appdb-tool/icon.png"}}}